{"mean": [9.625, 0.6000000238418579, 0.675000011920929, 0.8999999761581421, 0.5249999761581421, 0.22499999403953552, 0.375, 0.5249999761581421, 63.5, 1.350000023841858], "std": [6.770108699798584, 0.6633253693580627, 0.9051932096481323, 1.319090485572815, 0.4993741810321808, 0.41758212447166443, 0.4841229319572449, 0.4993742108345032, 42.483524322509766, 1.4062360525131226]}